,DENV1,DENV2,DENV3,DENV4
1994.0,0.23082600000000003,0.6407430000000001,0.12779100000000002,0.00064
1994.25,0.24506721371349838,0.6128769266484531,0.14137650148297218,0.0006793581550763405
1994.5,0.2673899214474383,0.5753498213631179,0.15653680661625355,0.0007234505731904341
1994.75,0.2942344819704995,0.5331942336381489,0.17180429783383658,0.0007669865575150161
1995.0,0.32163395787533444,0.4918108103780814,0.185749238593191,0.0008059931533931977
1995.25,0.3461238657265955,0.45563029429336266,0.19740689493242064,0.0008389450476210755
1995.5,0.3654630374375386,0.4272056357684141,0.20646480888803131,0.0008665179060160375
1995.75,0.37902058642018077,0.4069105797175204,0.21317836031177803,0.0008904735505207774
1996.0,0.3870068963621875,0.39410696120316996,0.2179737057555797,0.0009124366790627062
