,DENV1,DENV2,DENV3,DENV4
1994.0,0.23082600000000003,0.6407430000000001,0.12779100000000002,0.00064
1994.25,0.2561354524165574,0.5995724125474907,0.14362495691279997,0.0006671781231519988
1994.5,0.2852605066012364,0.5544324307360254,0.1596160914858362,0.0006909711769018639
1994.75,0.31284453160401215,0.5124180590567352,0.17403015847513031,0.0007072508641224291
1995.0,0.3354679596528909,0.4777682131788976,0.18604797388626926,0.0007158532819422269
1995.25,0.35232257320651217,0.4511642082871015,0.19579440911582138,0.0007188093905649118
1995.5,0.3635202502539522,0.4321581377292317,0.20360354400668654,0.0007180680101296414
1995.75,0.3699173707773519,0.41953790774467337,0.20982964927870842,0.000715072199266351
1996.0,0.37266602294124435,0.41182216367052543,0.2148010710305196,0.0007107423577105975
