,DENV1,DENV2,DENV3,DENV4
1985.0,0.11743699999999999,0.46733,0.386018,0.029214999999999998
1985.25,0.13057150938407977,0.45297992940613563,0.38643579065484435,0.030012770554940334
1985.5,0.14517335519350572,0.43920804768009947,0.3848865726963236,0.03073202443007115
1985.75,0.1611043917051397,0.426313962472848,0.38123033702322157,0.031351308798790715
1986.0,0.17814479154200163,0.41456508516693796,0.3754375271359311,0.03185259615512923
1986.25,0.1959391219093222,0.404128702673754,0.3677093004129084,0.03222287500401538
1986.5,0.21404741071907363,0.395165018631413,0.3583312446351116,0.03245632601440173
1986.75,0.23196649507545244,0.3878294197454545,0.3476491500846093,0.032554935094483775
1987.0,0.24916166923324748,0.3822692314935506,0.33604092997959256,0.032528169293609355
