{
 "avidity": {
  "2": 0.6008, 
  "9": 2.3602, 
  "14": 0.1914, 
  "27": 0.1692, 
  "31": -0.0451, 
  "32": -0.3591, 
  "35": 0.5078, 
  "38": 0.6584, 
  "43": 0.2659, 
  "46": -0.879, 
  "47": 0.3205, 
  "49": 0.7443, 
  "54": 0.7443, 
  "57": 0.2352, 
  "60": 0.6792, 
  "62": 0.5977, 
  "63": 0.3414, 
  "66": 0.5644, 
  "67": 0.2867, 
  "69": -0.5726, 
  "71": -0.9594, 
  "72": -0.3873, 
  "75": 0.1607, 
  "77": -1.5427, 
  "80": -0.6866, 
  "83": 0.3964, 
  "84": -1.2353, 
  "86": -0.55, 
  "88": -0.394, 
  "90": -0.5245
 }, 
 "potency": {
  "66": {
   "1": 1.3364, 
   "mean_potency": 1.3364495466671984
  }, 
  "27": {
   "1": -0.9792, 
   "mean_potency": -0.9791618526563548
  }, 
  "86": {
   "1": 1.0985, 
   "mean_potency": 1.0985072588071145
  }
 }, 
 "mutations": {
  "E:R93K": 2.5854, 
  "E:E154D": 0.6549
 }
}