{
 "avidity": {
  "2": 0.1551, 
  "5": -0.4808, 
  "9": 0.2094, 
  "10": 0.0612, 
  "13": -0.2034, 
  "14": -0.3695, 
  "16": -0.1532, 
  "18": 0.2296, 
  "20": -0.1161, 
  "22": -0.228, 
  "23": 0.0617, 
  "27": -0.0401, 
  "28": 0.5101, 
  "31": 0.13, 
  "32": -0.099, 
  "35": 0.4411, 
  "36": 0.1654, 
  "39": 0.7792, 
  "41": 0.5099, 
  "42": 0.4055, 
  "44": 0.5284, 
  "47": -0.7269, 
  "48": -0.0383, 
  "50": 0.1003, 
  "52": 0.4201, 
  "54": 0.2059, 
  "55": 0.0355, 
  "58": -0.2689, 
  "61": 0.8216, 
  "63": 0.0572, 
  "64": 0.3741, 
  "67": 0.0978, 
  "68": 0.9494, 
  "70": 0.4315, 
  "72": -0.1912, 
  "73": -0.0177, 
  "76": 0.0312, 
  "78": -0.5642, 
  "80": 0.3189, 
  "81": 0.4099, 
  "84": 0.9328, 
  "85": -1.0371, 
  "87": -0.6707, 
  "89": 0.9352, 
  "91": 0.3089, 
  "92": 0.2428
 }, 
 "potency": {
  "9": {
   "1": -0.0498, 
   "mean_potency": -0.04979978948582258
  }, 
  "10": {
   "1": 0.6543, 
   "mean_potency": 0.6542870670175762
  }, 
  "13": {
   "1": 0.3018, 
   "mean_potency": 0.3017750316090544
  }, 
  "18": {
   "1": 0.0239, 
   "mean_potency": 0.023913192573111832
  }, 
  "20": {
   "1": -0.2674, 
   "mean_potency": -0.26742954716101647
  }, 
  "23": {
   "1": -0.8812, 
   "mean_potency": -0.8812301918279091
  }, 
  "27": {
   "1": -0.3085, 
   "mean_potency": -0.30845809739402785
  }, 
  "28": {
   "1": -0.2316, 
   "mean_potency": -0.2315898582778973
  }, 
  "31": {
   "1": 0.2733, 
   "mean_potency": 0.27329182694454107
  }, 
  "32": {
   "1": -0.3114, 
   "mean_potency": -0.31143244869915365
  }, 
  "36": {
   "1": 1.2935, 
   "2": -1.6664, 
   "mean_potency": 0.45866655588726074
  }, 
  "47": {
   "1": 3.7985, 
   "2": -0.5407, 
   "mean_potency": 3.341722198458512
  }, 
  "48": {
   "1": -0.6491, 
   "mean_potency": -0.6491083821431887
  }, 
  "54": {
   "1": -0.374, 
   "mean_potency": -0.37402379941631536
  }, 
  "55": {
   "1": -1.2336, 
   "mean_potency": -1.233649891674421
  }, 
  "61": {
   "1": 0.791, 
   "mean_potency": 0.7910358303724837
  }, 
  "63": {
   "1": 0.9325, 
   "mean_potency": 0.9324822363689284
  }, 
  "64": {
   "1": -0.1163, 
   "mean_potency": -0.11631771418005825
  }, 
  "67": {
   "1": 0.4312, 
   "mean_potency": 0.43117629334457164
  }, 
  "70": {
   "1": -0.7359, 
   "mean_potency": -0.7359296811633856
  }, 
  "72": {
   "1": 0.804, 
   "mean_potency": 0.8039892242719603
  }, 
  "73": {
   "1": 1.3411, 
   "mean_potency": 1.3411232642336726
  }, 
  "76": {
   "1": 1.2059, 
   "mean_potency": 1.2058884312493514
  }, 
  "78": {
   "1": 1.4219, 
   "mean_potency": 1.421946161984223
  }, 
  "81": {
   "1": -0.5741, 
   "mean_potency": -0.5741128109682113
  }, 
  "84": {
   "1": -0.2643, 
   "mean_potency": -0.2643132284148102
  }, 
  "87": {
   "1": 0.5044, 
   "mean_potency": 0.504437979413932
  }, 
  "91": {
   "1": -0.88, 
   "mean_potency": -0.8799546565841632
  }, 
  "92": {
   "1": -0.3441, 
   "mean_potency": -0.3440516330078592
  }
 }, 
 "mutations": {
  "E:V114I": 1.0917, 
  "E:V454T": 0.0544, 
  "E:L59Y": 0.8257, 
  "E:P169S": 0.08, 
  "E:K385N": 0.0484, 
  "E:A88Q": 1.0344, 
  "E:I6V": 1.1198, 
  "E:I485V": 0.0019, 
  "E:T161I": 0.2951, 
  "E:N472S": 0.0288, 
  "E:A491V": 0.0008, 
  "E:V379I": 0.0003, 
  "E:I141V": 0.4723, 
  "E:K202E": 0.4324, 
  "E:T171S": 0.0412, 
  "E:I129V": 0.1429, 
  "E:V91I": 0.4031, 
  "E:L338E": 0.4105, 
  "E:K93R": 0.132, 
  "E:V462L": 2.1206, 
  "E:N390S": 0.1763, 
  "E:D71E": 0.2141, 
  "E:V6I": 0.1567, 
  "E:V484I": 0.3487, 
  "E:L15V": 0.2524, 
  "E:V129I": 0.0111, 
  "E:G63A": 0.3739, 
  "E:I357V": 0.0722, 
  "E:G330D": 0.2283, 
  "E:V171T": 0.4148, 
  "E:E203N": 0.8777, 
  "E:E203D": 1.1737, 
  "E:R93K": 0.1493, 
  "E:N52Q": 0.0371, 
  "E:I164V": 0.1623, 
  "E:I162A": 0.4595, 
  "E:L114V": 0.1858, 
  "E:I68T": 0.0094
 }
}