{
 "avidity": {
  "2": 0.158, 
  "5": -0.6285, 
  "9": 0.583, 
  "10": 0.3236, 
  "13": -0.6182, 
  "14": -0.4556, 
  "16": -0.0858, 
  "18": 0.1142, 
  "20": 0.007, 
  "22": -0.4245, 
  "23": 0.0, 
  "27": -0.1738, 
  "28": 0.4061, 
  "31": 0.2697, 
  "32": -0.2396, 
  "36": 0.2654, 
  "44": 0.376, 
  "47": -0.583, 
  "48": -0.0041, 
  "50": 0.1336, 
  "52": 0.6495, 
  "54": 0.5627, 
  "55": 0.3334, 
  "58": -0.0593, 
  "61": 0.4501, 
  "63": -0.4212, 
  "64": 0.1422, 
  "67": 0.0563, 
  "68": 0.2557, 
  "70": -0.3429, 
  "72": -0.1247, 
  "73": 0.0605, 
  "76": 0.2648, 
  "78": -0.5262, 
  "80": 0.2983, 
  "81": 0.4169, 
  "84": 0.7034, 
  "85": -0.6776, 
  "87": -0.9129, 
  "89": 0.3414, 
  "91": -0.0194, 
  "92": 0.0392
 }, 
 "potency": {
  "67": {
   "1": 0.3381, 
   "mean_potency": 0.33808045613757065
  }, 
  "76": {
   "1": 1.2995, 
   "mean_potency": 1.299541002443836
  }, 
  "18": {
   "1": -0.0848, 
   "mean_potency": -0.08479900503815409
  }, 
  "84": {
   "1": 0.0778, 
   "mean_potency": 0.07775504827407612
  }, 
  "23": {
   "1": -0.882, 
   "mean_potency": -0.8820003296690748
  }, 
  "91": {
   "1": -0.6602, 
   "mean_potency": -0.6601704399224068
  }, 
  "28": {
   "1": -0.0004, 
   "mean_potency": -0.0003827536271603433
  }, 
  "61": {
   "1": 1.0587, 
   "mean_potency": 1.0587498106602093
  }, 
  "31": {
   "1": 0.595, 
   "mean_potency": 0.5950421908535517
  }
 }, 
 "mutations": {
  "E:V4I": 0.2782, 
  "E:L59Y": 0.0726, 
  "E:T339I": 0.9793, 
  "E:D71E": 0.0152, 
  "E:V6I": 0.6312, 
  "E:T66S": 1.1274, 
  "E:S66T": 0.4884, 
  "E:T81S": 0.0257, 
  "E:G63A": 0.0393, 
  "E:I357V": 0.9149, 
  "E:S8N": 0.7263
 }
}