{
 "avidity": {
  "2": 0.1919, 
  "5": -0.5465, 
  "9": 0.4669, 
  "10": 0.0315, 
  "13": -0.3388, 
  "14": -0.4794, 
  "16": -0.1253, 
  "18": 0.2143, 
  "20": 0.0313, 
  "22": -0.2642, 
  "23": 0.0, 
  "27": -0.2854, 
  "28": 0.3006, 
  "31": -0.1048, 
  "32": -0.4365, 
  "35": 0.3576, 
  "36": -0.0341, 
  "39": 0.9307, 
  "41": 0.6615, 
  "42": 0.5006, 
  "44": 0.2928, 
  "47": -1.759, 
  "48": -0.6175, 
  "50": 0.3942, 
  "52": 0.0699, 
  "54": 0.2171, 
  "55": 0.0105, 
  "58": -0.0735, 
  "61": 0.9002, 
  "63": 0.2429, 
  "64": 0.3403, 
  "67": 0.3011, 
  "68": 1.0612, 
  "70": 0.1657, 
  "72": -0.5283, 
  "73": 0.0151, 
  "76": 0.293, 
  "78": -0.7353, 
  "80": 0.8529, 
  "81": 0.3669, 
  "84": 1.1182, 
  "85": -0.8516, 
  "87": -0.2569, 
  "89": 0.645, 
  "91": -0.2472, 
  "92": 0.1386
 }, 
 "potency": {
  "64": {
   "1": -0.0379, 
   "mean_potency": -0.037877000294024944
  }, 
  "67": {
   "1": 0.8271, 
   "mean_potency": 0.827097590926765
  }, 
  "36": {
   "1": 1.5412, 
   "2": -1.2337, 
   "mean_potency": 0.758529385395191
  }, 
  "9": {
   "1": 0.0492, 
   "mean_potency": 0.04919175033701016
  }, 
  "87": {
   "1": 0.4391, 
   "mean_potency": 0.43911345386508077
  }, 
  "76": {
   "1": 0.9209, 
   "mean_potency": 0.920943762107414
  }, 
  "13": {
   "1": 0.3846, 
   "mean_potency": 0.38460424158891565
  }, 
  "78": {
   "1": 1.2371, 
   "mean_potency": 1.2371028545628304
  }, 
  "48": {
   "1": -0.3066, 
   "mean_potency": -0.3066086225438938
  }, 
  "84": {
   "1": -0.72, 
   "mean_potency": -0.7199893722933807
  }, 
  "54": {
   "1": -0.1498, 
   "mean_potency": -0.14978981022059737
  }, 
  "23": {
   "1": -0.7093, 
   "mean_potency": -0.7092995417973831
  }, 
  "91": {
   "1": -0.9056, 
   "mean_potency": -0.9055607146380112
  }, 
  "28": {
   "1": -0.4459, 
   "mean_potency": -0.4458904501160795
  }, 
  "63": {
   "1": 0.9527, 
   "mean_potency": 0.952732043303262
  }
 }, 
 "mutations": {
  "E:V114I": 1.2654, 
  "E:A162I": 0.4097, 
  "E:I6V": 1.9014, 
  "E:L308I": 0.4548, 
  "E:S8N": 0.4993, 
  "E:K93R": 0.0723, 
  "E:T161E": 0.3326, 
  "E:V379I": 0.726, 
  "E:I141V": 0.3236, 
  "E:N124K": 0.3253, 
  "E:V4I": 0.0958, 
  "E:V462L": 1.8251, 
  "E:E154D": 0.2521, 
  "E:V91I": 0.1438, 
  "E:V484I": 0.1511, 
  "E:L236T": 0.1519, 
  "E:L15V": 0.3754, 
  "E:G330D": 0.0332, 
  "E:I379V": 0.1584, 
  "E:E203N": 1.1588, 
  "E:I164V": 0.0492, 
  "E:I162A": 0.0796, 
  "E:L114V": 0.7494, 
  "E:E203D": 1.0314
 }
}