{
 "avidity": {
  "2": 0.3928, 
  "5": -0.7415, 
  "9": 0.3718, 
  "10": -0.2014, 
  "13": -0.4659, 
  "14": -0.2447, 
  "16": -0.0416, 
  "18": 0.2867, 
  "20": -0.0783, 
  "22": 0.1025, 
  "23": -0.5013, 
  "27": -0.5054, 
  "28": 0.1378, 
  "31": -0.0795, 
  "32": 0.0144, 
  "35": 0.3954, 
  "36": 0.2428, 
  "39": -0.0663, 
  "41": 1.137, 
  "42": 0.4173, 
  "44": 0.5867, 
  "47": -0.8701, 
  "48": 0.0567, 
  "50": -0.2618, 
  "52": 0.1236, 
  "54": -0.0761, 
  "55": 0.1387, 
  "58": -0.0269, 
  "61": 0.6786, 
  "63": -0.0632, 
  "64": 0.0282, 
  "67": -0.0014, 
  "68": 0.2225, 
  "70": 0.1134, 
  "72": -0.4198, 
  "73": -0.5823, 
  "76": 0.0318, 
  "78": -0.6038, 
  "80": 0.17, 
  "81": -0.377, 
  "84": 0.3319, 
  "85": -1.786, 
  "87": -0.9949, 
  "89": 0.3144, 
  "91": 0.4153, 
  "92": 0.1085
 }, 
 "potency": {
  "9": {
   "1": -0.1019, 
   "mean_potency": -0.101898934737646
  }, 
  "10": {
   "1": 0.5964, 
   "mean_potency": 0.5964359535574839
  }, 
  "13": {
   "1": 0.1995, 
   "mean_potency": 0.1995090735181759
  }, 
  "16": {
   "38": -0.5121, 
   "58": 0.3553, 
   "45": 0.2161, 
   "51": -0.2519, 
   "36": -0.5802, 
   "mean_potency": -0.3005002735699411, 
   "43": -1.6329, 
   "66": 0.1115, 
   "67": 0.3432, 
   "68": 0.3664
  }, 
  "18": {
   "1": -0.1144, 
   "mean_potency": -0.11441552236966618
  }, 
  "20": {
   "1": -0.3175, 
   "mean_potency": -0.31753812590553493
  }, 
  "23": {
   "1": -1.0304, 
   "mean_potency": -1.0303712875022693
  }, 
  "27": {
   "1": -0.2285, 
   "mean_potency": -0.22849622930752753
  }, 
  "28": {
   "1": -0.2235, 
   "mean_potency": -0.22353330354963966
  }, 
  "31": {
   "11": 0.109, 
   "03": -0.231, 
   "13": 0.4341, 
   "01": 0.0661, 
   "06": 0.5966, 
   "07": 0.1529, 
   "22": -0.2932, 
   "10": -0.4358, 
   "02": -0.1403, 
   "mean_potency": 0.03402833667303806, 
   "1": 0.28, 
   "05": -0.0531
  }, 
  "32": {
   "1": -0.3254, 
   "mean_potency": -0.32542555504728116
  }, 
  "36": {
   "1": 1.3841, 
   "2": -1.6635, 
   "mean_potency": 0.5245098297233505
  }, 
  "47": {
   "1": 4.0464, 
   "2": -0.4149, 
   "mean_potency": 3.5767506945382963
  }, 
  "48": {
   "1": -0.6122, 
   "mean_potency": -0.6121588002638175
  }, 
  "54": {
   "1": -0.3946, 
   "mean_potency": -0.39460203468568156
  }, 
  "55": {
   "1": -1.2846, 
   "mean_potency": -1.2845675579471216
  }, 
  "61": {
   "1": 1.0301, 
   "mean_potency": 1.0301468077921605
  }, 
  "63": {
   "1": 1.1546, 
   "mean_potency": 1.1545933120374212
  }, 
  "64": {
   "1": -0.0024, 
   "mean_potency": -0.0024045617287644133
  }, 
  "67": {
   "1": 1.0369, 
   "mean_potency": 1.0369344127851077
  }, 
  "68": {
   "11": 0.1928, 
   "25": -0.9755, 
   "01": -0.2153, 
   "21": -0.3071, 
   "16": -0.4448, 
   "19": -0.636, 
   "18": -0.4776, 
   "08": -0.4876, 
   "09": -0.9716, 
   "mean_potency": -0.5116348121050545, 
   "02": -1.073
  }, 
  "70": {
   "1": -0.15, 
   "mean_potency": -0.14997208165170645
  }, 
  "72": {
   "1": 1.2702, 
   "mean_potency": 1.2701822386157573
  }, 
  "73": {
   "1": 1.8192, 
   "mean_potency": 1.8192127260223885
  }, 
  "76": {
   "1": 1.3529, 
   "mean_potency": 1.3528696030456202
  }, 
  "78": {
   "1": 1.5298, 
   "mean_potency": 1.5297518234830298
  }, 
  "81": {
   "1": -0.4883, 
   "mean_potency": -0.48831634452584916
  }, 
  "84": {
   "03": -0.8832, 
   "13": 0.5436, 
   "38": -0.6318, 
   "15": -0.8327, 
   "19": -0.9453, 
   "08": -0.1244, 
   "mean_potency": -0.45120834430738765, 
   "1": 0.307, 
   "44": -0.6306
  }, 
  "87": {
   "1": 0.8856, 
   "mean_potency": 0.8856071294076768
  }, 
  "91": {
   "1": -0.4805, 
   "mean_potency": -0.4805475349730033
  }, 
  "92": {
   "1": 0.0277, 
   "mean_potency": 0.02767691635528943
  }
 }, 
 "mutations": {
  "E:V461F": 0.0088, 
  "E:V114I": 0.9046, 
  "E:D390S": 0.1225, 
  "E:V454T": 0.2462, 
  "E:A162I": 0.1889, 
  "E:A88Q": 1.3948, 
  "E:I6V": 0.7075, 
  "E:E203N": 1.0918, 
  "E:D154E": 0.0297, 
  "E:S478M": 0.4256, 
  "E:A88K": 0.0781, 
  "E:K160V": 0.0285, 
  "E:N385K": 0.1217, 
  "E:K93R": 0.2048, 
  "E:I308V": 0.1841, 
  "E:E161T": 0.2158, 
  "E:I129A": 0.2327, 
  "E:T478S": 0.0967, 
  "E:S122L": 0.0694, 
  "E:T171S": 0.2328, 
  "E:I129V": 0.2133, 
  "E:Y132I": 0.1237, 
  "E:I462V": 0.1046, 
  "E:V347A": 0.2821, 
  "E:L338E": 0.4311, 
  "E:V462L": 2.1136, 
  "E:I139V": 0.0503, 
  "E:N390S": 0.1766, 
  "E:G330D": 0.2223, 
  "E:V91I": 0.3482, 
  "E:L462I": 0.1612, 
  "E:V484I": 0.3917, 
  "E:V382A": 0.0365, 
  "E:Y132P": 0.3403, 
  "E:V382I": 0.3703, 
  "E:V129I": 0.0115, 
  "E:V174E": 0.456, 
  "E:A19T": 0.0204, 
  "E:I380V": 0.4507, 
  "E:D203N": 0.1398, 
  "E:I162A": 0.2925, 
  "E:T339I": 0.6498, 
  "E:I335V": 0.1845, 
  "E:L122S": 0.0337, 
  "E:N203K": 0.0803, 
  "E:Y90F": 0.4253, 
  "E:N124K": 0.095, 
  "E:F461I": 0.0314, 
  "E:E180T": 0.4313, 
  "E:I164V": 0.0081, 
  "E:N83K": 0.3426, 
  "E:N203E": 0.043, 
  "E:E203D": 1.3356
 }
}