{
 "avidity": {
  "2": -0.0613, 
  "5": -0.6982, 
  "9": 0.398, 
  "10": -0.0285, 
  "13": -0.3814, 
  "14": -0.4957, 
  "16": -0.0856, 
  "18": 0.1462, 
  "20": -0.1445, 
  "22": -0.5392, 
  "23": -0.0343, 
  "27": 0.0057, 
  "28": -0.5679, 
  "31": -0.0299, 
  "32": -0.1008, 
  "35": 0.0227, 
  "36": 0.2507, 
  "38": 0.2158, 
  "40": 0.4049, 
  "42": 0.0588, 
  "43": -0.3257, 
  "46": -1.1449, 
  "47": -0.3942, 
  "49": -0.0444, 
  "51": 0.1559, 
  "53": -0.1568, 
  "54": -0.0149, 
  "57": -0.1223, 
  "60": 0.3794, 
  "62": -0.2851, 
  "63": -0.2475, 
  "66": 0.0791, 
  "67": -0.1568, 
  "69": 0.0224, 
  "71": -0.5233, 
  "72": -0.5482, 
  "75": 0.1435, 
  "77": -0.3999, 
  "79": -0.1902, 
  "80": 0.0937, 
  "83": -1.7514, 
  "84": -0.0387, 
  "86": -0.7529, 
  "88": 0.0546, 
  "90": 0.2299, 
  "91": -0.0404
 }, 
 "potency": {
  "9": {
   "1": -0.1787, 
   "mean_potency": -0.1787247071808219
  }, 
  "10": {
   "1": 0.43, 
   "mean_potency": 0.4300252601851356
  }, 
  "14": {
   "1": 0.0619, 
   "mean_potency": 0.06186020163398418
  }, 
  "16": {
   "38": -0.4614, 
   "58": 0.3036, 
   "45": 0.1854, 
   "51": -0.2421, 
   "36": -0.5694, 
   "mean_potency": -0.2965860412979089, 
   "43": -1.5777, 
   "66": 0.0966, 
   "67": 0.3469, 
   "68": 0.3084
  }, 
  "18": {
   "1": -0.2188, 
   "mean_potency": -0.21877336428538283
  }, 
  "20": {
   "1": -0.2473, 
   "mean_potency": -0.24733485613341175
  }, 
  "22": {
   "1": -0.8381, 
   "mean_potency": -0.8380858717561065
  }, 
  "27": {
   "1": -0.5178, 
   "mean_potency": -0.5177695687350256
  }, 
  "28": {
   "1": 0.137, 
   "mean_potency": 0.1369549979693511
  }, 
  "31": {
   "11": -0.076, 
   "03": -0.3962, 
   "13": 0.2154, 
   "01": -0.1025, 
   "06": 0.407, 
   "07": -0.0351, 
   "22": -0.4531, 
   "10": -0.5952, 
   "02": -0.3183, 
   "mean_potency": -0.14682310124167058, 
   "1": 0.0987, 
   "05": -0.2292
  }, 
  "32": {
   "1": -0.3519, 
   "mean_potency": -0.35192456148389123
  }, 
  "35": {
   "1": 0.8382, 
   "2": -1.662, 
   "mean_potency": 0.13304908606061105
  }, 
  "46": {
   "1": 2.9685, 
   "2": -0.4805, 
   "mean_potency": 2.605465480114546
  }, 
  "47": {
   "1": -1.1924, 
   "mean_potency": -1.1924430685851082
  }, 
  "53": {
   "1": -0.2779, 
   "mean_potency": -0.27788133791394815
  }, 
  "54": {
   "1": -0.9647, 
   "mean_potency": -0.9647048519158242
  }, 
  "60": {
   "1": 0.3713, 
   "mean_potency": 0.37133241078495627
  }, 
  "62": {
   "1": 0.6626, 
   "mean_potency": 0.6626398341616284
  }, 
  "63": {
   "1": -0.1299, 
   "mean_potency": -0.12987191143485863
  }, 
  "66": {
   "11": 0.3708, 
   "25": -0.7562, 
   "01": -0.0215, 
   "21": -0.1124, 
   "16": -0.2052, 
   "19": -0.4148, 
   "18": -0.2399, 
   "08": -0.253, 
   "09": -0.6696, 
   "mean_potency": -0.27984670755797625, 
   "02": -0.793
  }, 
  "67": {
   "1": 0.5447, 
   "mean_potency": 0.544746914347046
  }, 
  "69": {
   "1": -0.6402, 
   "mean_potency": -0.6401890489815313
  }, 
  "71": {
   "1": 0.2229, 
   "mean_potency": 0.22288427155527737
  }, 
  "72": {
   "1": 0.656, 
   "mean_potency": 0.6559667234061503
  }, 
  "75": {
   "1": 0.8107, 
   "mean_potency": 0.8107342195605888
  }, 
  "77": {
   "1": 0.625, 
   "mean_potency": 0.624999965336947
  }, 
  "79": {
   "1": -0.5597, 
   "mean_potency": -0.5597171135929202
  }, 
  "84": {
   "03": -0.8326, 
   "13": 0.482, 
   "38": -0.6003, 
   "15": -0.7777, 
   "19": -0.8885, 
   "44": -0.5867, 
   "mean_potency": -0.4289144016145208, 
   "1": 0.2668, 
   "08": -0.102
  }, 
  "86": {
   "1": 0.0436, 
   "mean_potency": 0.04361451766406566
  }, 
  "90": {
   "1": -0.7333, 
   "mean_potency": -0.7332924831593938
  }, 
  "91": {
   "1": -0.2557, 
   "mean_potency": -0.25568105492029364
  }
 }, 
 "mutations": {
  "E:L90T": 0.3744, 
  "E:L283*": 0.0462, 
  "E:N148L": 0.1127, 
  "E:L250*": 0.0568, 
  "E:V349A": 0.1033, 
  "E:I209T": 0.0088, 
  "E:F278Y": 0.4066, 
  "E:T71I": 0.1738, 
  "E:V376A": 0.1444, 
  "E:A102E": 0.0889, 
  "E:T52K": 0.4051, 
  "E:P32R": 1.0422, 
  "E:R434K": 0.0841, 
  "E:P32Q": 0.2854, 
  "E:P32L": 0.1169, 
  "E:L251S": 0.0327, 
  "E:L19R": 0.0454, 
  "E:V2D": 0.2479, 
  "E:G28E": 0.3553, 
  "E:R19A": 0.0437, 
  "E:I355T": 0.0756, 
  "E:Q173L": 0.1056, 
  "E:P187R": 0.1645, 
  "E:E383S": 0.2389, 
  "E:N79K": 0.3343, 
  "E:V285A": 0.026, 
  "E:R77K": 0.3164, 
  "E:P262Q": 0.4132, 
  "E:L476H": 0.0111, 
  "E:Q222L": 0.0465, 
  "E:L25*": 0.4275, 
  "E:A19H": 0.1603, 
  "E:H71T": 0.1129, 
  "E:L480*": 0.2931, 
  "E:*379L": 0.1339, 
  "E:P81A": 0.0991, 
  "E:H372P": 0.4122, 
  "E:Q18L": 0.7568, 
  "E:S143C": 0.2455, 
  "E:W25S": 0.3874, 
  "E:P267R": 0.1753, 
  "E:*432W": 0.0627, 
  "E:K228R": 0.0154, 
  "E:R323K": 0.0037, 
  "E:N180P": 0.026, 
  "E:A433E": 0.0619, 
  "E:P397Q": 0.0901, 
  "E:L352S": 0.0575, 
  "E:L324Y": 0.0744, 
  "E:L331H": 0.0308, 
  "E:T235R": 0.0013, 
  "E:*163K": 0.1132, 
  "E:K160S": 0.2016, 
  "E:H409Q": 0.1093, 
  "E:S354L": 0.6377, 
  "E:K388N": 0.1047, 
  "E:K204D": 0.0296, 
  "E:A177V": 0.269, 
  "E:V168H": 0.4746, 
  "E:R160K": 0.0741, 
  "E:M330V": 0.0459, 
  "E:R122W": 0.0821, 
  "E:V93N": 0.1673, 
  "E:S279L": 0.2724, 
  "E:S354P": 0.035, 
  "E:R32P": 0.0107, 
  "E:N51Q": 0.1283, 
  "E:*415W": 0.1424, 
  "E:N293P": 0.2319, 
  "E:K88R": 0.0747, 
  "E:P176Q": 0.0397, 
  "E:F278S": 0.0635, 
  "E:T390A": 0.1461, 
  "E:C175*": 0.0105, 
  "E:Y324C": 0.0057, 
  "E:K346M": 0.0512, 
  "E:F91C": 0.0894, 
  "E:P54L": 0.0201, 
  "E:P219H": 0.6821, 
  "E:V330M": 0.5175, 
  "E:Q33R": 0.3024, 
  "E:V29A": 0.1017, 
  "E:A106D": 0.1191, 
  "E:R319Q": 0.207, 
  "E:V383S": 0.179, 
  "E:S365L": 0.0157, 
  "E:Q117R": 0.5788, 
  "E:Q492W": 0.243, 
  "E:L287*": 0.1008, 
  "E:I147K": 0.141, 
  "E:S379W": 0.0576, 
  "E:M346L": 0.3252, 
  "E:L39Q": 0.8511, 
  "E:P355I": 0.0372, 
  "E:S378*": 0.0396, 
  "E:K345Q": 0.5429, 
  "E:W191S": 0.1237, 
  "E:C130S": 0.036, 
  "E:R124Q": 0.0381, 
  "E:W435L": 0.0029, 
  "E:S24Y": 0.2606, 
  "E:A106V": 0.2332, 
  "E:W151S": 0.3271, 
  "E:I299M": 0.263, 
  "E:K122W": 0.0265, 
  "E:L33P": 0.5248, 
  "E:R203I": 0.0523, 
  "E:T232Y": 0.0064, 
  "E:V471A": 0.142, 
  "E:S151W": 0.0564, 
  "E:L287S": 0.0698, 
  "E:F461S": 0.1573, 
  "E:*250S": 0.1572, 
  "E:A330V": 0.1246, 
  "E:*351L": 0.0654, 
  "E:Q356L": 0.0718, 
  "E:L424P": 0.1526, 
  "E:W21S": 0.1951, 
  "E:L53W": 0.088, 
  "E:W389L": 0.0547, 
  "E:L419H": 0.4148, 
  "E:*485S": 0.2957, 
  "E:L357*": 0.0407, 
  "E:L207S": 0.1458, 
  "E:N184I": 0.7825, 
  "E:F337S": 0.1482, 
  "E:W96S": 0.8431, 
  "E:R158M": 0.0245, 
  "E:S306L": 0.1634, 
  "E:*348M": 0.0438, 
  "E:K338R": 0.3602, 
  "E:D247S": 0.0488, 
  "E:A104D": 0.2896, 
  "E:*389S": 0.0234, 
  "E:M87T": 0.3675, 
  "E:K434R": 0.025, 
  "E:S119F": 0.0427, 
  "E:P418Q": 1.2873, 
  "E:T271K": 0.067, 
  "E:A73D": 0.441, 
  "E:F81V": 0.0841, 
  "E:L379*": 0.4045, 
  "E:G266E": 0.0562, 
  "E:P354S": 0.0479, 
  "E:P447L": 0.0058
 }
}