{
 "avidity": {
  "2": 0.0774, 
  "5": -0.81, 
  "9": 0.4308, 
  "10": -0.2604, 
  "13": -0.6195, 
  "16": 0.0, 
  "22": 0.1667, 
  "23": -0.681, 
  "27": 0.1907, 
  "30": -0.1905, 
  "31": -0.0783, 
  "34": 0.5976, 
  "35": 0.3736, 
  "38": -0.1126, 
  "40": 1.592, 
  "43": 0.8013, 
  "46": -0.8938, 
  "47": 0.0202, 
  "49": -0.2838, 
  "53": -0.2009, 
  "54": 0.1876, 
  "57": -0.2062, 
  "60": 0.2813, 
  "62": -0.3771, 
  "63": -0.3561, 
  "66": -0.068, 
  "67": -0.0497, 
  "71": -0.6446, 
  "72": -0.9494, 
  "75": 0.1671, 
  "80": -0.5873, 
  "83": -0.062, 
  "84": -2.0668, 
  "88": -0.0766, 
  "90": 0.6838, 
  "91": -0.1768
 }, 
 "potency": {
  "16": {
   "38": -0.43, 
   "58": 0.4099, 
   "45": 0.2479, 
   "51": -0.1929, 
   "43": -1.5746, 
   "mean_potency": -0.23652991880754123, 
   "36": -0.5146, 
   "66": 0.1908, 
   "67": 0.4204, 
   "68": 0.436
  }, 
  "83": {
   "03": -0.7035, 
   "13": 0.7432, 
   "38": -0.437, 
   "15": -0.6393, 
   "19": -0.7372, 
   "08": 0.0983, 
   "mean_potency": -0.3230985859146368, 
   "44": -0.41
  }, 
  "67": {
   "11": 0.5424, 
   "25": -0.6265, 
   "01": 0.1388, 
   "21": 0.041, 
   "16": -0.0782, 
   "19": -0.3681, 
   "18": -0.1296, 
   "08": -0.1486, 
   "09": -0.6036, 
   "mean_potency": -0.16268549123008436, 
   "02": -0.7217
  }, 
  "30": {
   "11": 0.1676, 
   "03": -0.1555, 
   "13": 0.4703, 
   "01": 0.1435, 
   "06": 0.5887, 
   "07": 0.2062, 
   "22": -0.2328, 
   "10": -0.3878, 
   "02": -0.064, 
   "mean_potency": 0.07110994356666571, 
   "05": 0.0015
  }
 }, 
 "mutations": {
  "E:V461F": 0.1324, 
  "E:V114I": 0.6795, 
  "E:A162I": 0.2204, 
  "E:I91V": 0.0004, 
  "E:I6V": 0.5947, 
  "E:E180T": 0.7153, 
  "E:K160V": 0.2598, 
  "E:H158Q": 0.0117, 
  "E:E161T": 0.0905, 
  "E:V15L": 0.5177, 
  "E:I4V": 0.0487, 
  "E:S122L": 0.0207, 
  "E:T478S": 0.0675, 
  "E:V347A": 0.318, 
  "E:V492M": 0.0146, 
  "E:I380V": 0.5364, 
  "E:S390N": 0.1085, 
  "E:G445T": 0.1716, 
  "E:V91I": 0.3928, 
  "E:T66S": 0.3244, 
  "E:L462I": 0.2932, 
  "E:H347V": 0.1064, 
  "E:S478M": 0.6625, 
  "E:V382A": 0.3089, 
  "E:D390S": 0.0012, 
  "E:D71A": 0.1568, 
  "E:D203N": 0.4119, 
  "E:A63G": 0.0393, 
  "E:I335V": 0.0305, 
  "E:F429L": 0.0067, 
  "E:A19T": 0.0996
 }
}